Affenpinscher,http://cdn2-www.dogtime.com/assets/uploads/2011/01/file_23096_affenpinscher-460x290.jpg
Afghan Hound,http://cdn1-www.dogtime.com/assets/uploads/2011/01/file_23004_afghan-hound-460x290.jpg
Airedale Terrier,http://cdn2-www.dogtime.com/assets/uploads/2011/01/file_23050_airedale-terrier-460x290.jpg
Akita,http://cdn2-www.dogtime.com/assets/uploads/2011/01/file_22906_akita-460x290.jpg
Alaskan Klee Kai,http://cdn1-www.dogtime.com/assets/uploads/2017/11/alaskan-klee-kai-breed-pictures-cover-460x260.jpg
Alaskan Malamute,http://cdn2-www.dogtime.com/assets/uploads/2011/01/file_22908_alaskan-malamute-460x290.jpg
American English Coonhound,http://cdn3-www.dogtime.com/assets/uploads/2011/01/file_23236_american-english-coonhound-460x290.jpg
American Eskimo Dog,http://cdn3-www.dogtime.com/assets/uploads/2011/01/file_23134_american-eskimo-dog-460x290.jpg
American Foxhound,http://cdn1-www.dogtime.com/assets/uploads/2011/01/file_23006_american-foxhound-460x290.jpg
American Pit Bull Terrier,http://cdn3-www.dogtime.com/assets/uploads/2011/01/file_23052_pitbull-dog-breed-pittie.jpg
American Water Spaniel,http://cdn1-www.dogtime.com/assets/uploads/2011/01/file_22954_american-water-spaniel-460x290.jpg
Anatolian Shepherd Dog,http://cdn1-www.dogtime.com/assets/uploads/2011/01/file_22910_anatolian-shepherd-dog-460x290.jpg
Appenzeller Sennenhunde,http://cdn3-www.dogtime.com/assets/uploads/2011/01/file_23244_what-is-the-appenzeller-sennenhunde-dog.jpg
Australian Cattle Dog,http://cdn1-www.dogtime.com/assets/uploads/2011/01/file_23166_australian-cattle-dog-460x290.jpg
Australian Shepherd,http://cdn3-www.dogtime.com/assets/uploads/2011/01/file_23168_australian-shepherd-460x290.jpg
Australian Terrier,http://cdn1-www.dogtime.com/assets/uploads/2011/01/file_23054_australian-terrier-460x290.jpg
Azawakh,http://cdn2-www.dogtime.com/assets/uploads/2011/01/file_23286_azawakh-460x290.jpg
Barbet,http://cdn3-www.dogtime.com/assets/uploads/2011/01/file_23288_barbet-460x290.jpg
Basenji,http://cdn3-www.dogtime.com/assets/uploads/2011/01/file_23008_basenji-460x290.jpg
Basset Hound,http://cdn1-www.dogtime.com/assets/uploads/2011/01/file_23010_basset-hound-460x290.jpg
Beagle,http://cdn1-www.dogtime.com/assets/uploads/2011/01/file_23012_beagle-460x290.jpg
Bearded Collie,http://cdn3-www.dogtime.com/assets/uploads/2011/01/file_23170_bearded-collie-460x290.jpg
Bedlington Terrier,http://cdn1-www.dogtime.com/assets/uploads/2011/01/file_23056_bedlington-terrier-460x290.jpg
Belgian Malinois,http://cdn1-www.dogtime.com/assets/uploads/2011/01/file_23172_belgian-malinois-460x290.jpg
Belgian Sheepdog,http://cdn3-www.dogtime.com/assets/uploads/2011/01/file_23174_belgian-sheepdog-460x290.jpg
Belgian Tervuren,http://cdn2-www.dogtime.com/assets/uploads/2011/01/file_23176_belgian-tervuren-460x290.jpg
Berger Picard,http://cdn3-www.dogtime.com/assets/uploads/2011/01/file_23290_berger-picard-460x290.jpg
Bernedoodle,http://cdn2-www.dogtime.com/assets/uploads/2017/10/bernedoodle-dog-breed-picture-1-460x260.jpg
Bernese Mountain Dog,http://cdn1-www.dogtime.com/assets/uploads/2011/01/file_22912_bernese-mountain-dog-460x290.jpg
Bichon Frise,http://cdn1-www.dogtime.com/assets/uploads/2011/01/file_23136_bichon-frise-460x290.jpg
Black and Tan Coonhound,http://cdn1-www.dogtime.com/assets/uploads/2011/01/file_23014_black-and-tan-coonhound-460x290.jpg
Black Mouth Cur,http://cdn2-www.dogtime.com/assets/uploads/2017/11/black-mouth-cur-dog-breed-pictures-cover-460x260.jpg
Black Russian Terrier,http://cdn3-www.dogtime.com/assets/uploads/2011/01/file_22914_black-russian-terrier-460x290.jpg
Bloodhound,http://cdn3-www.dogtime.com/assets/uploads/2011/01/file_23016_bloodhound-460x290.jpg
Bluetick Coonhound,http://cdn1-www.dogtime.com/assets/uploads/2011/01/file_23238_bluetick-coonhound-460x290.jpg
Bolognese,http://cdn1-www.dogtime.com/assets/uploads/2011/01/file_23240_bolognese-460x290.jpg
Border Collie,http://cdn1-www.dogtime.com/assets/uploads/2011/01/file_23178_border-collie-460x290.jpg
Border Terrier,http://cdn1-www.dogtime.com/assets/uploads/2011/01/file_23058_border-terrier-460x290.jpg
Borzoi,http://cdn1-www.dogtime.com/assets/uploads/2011/01/file_23018_borzoi-460x290.jpg
Boston Terrier,http://cdn3-www.dogtime.com/assets/uploads/2011/01/file_23138_boston-terrier-460x290.jpg
Bouvier des Flandres,http://cdn2-www.dogtime.com/assets/uploads/2011/01/file_23180_bouvier-des-flandres-460x290.jpg
Boxer,http://cdn2-www.dogtime.com/assets/uploads/2011/01/file_22916_boxer-460x290.jpg
Boykin Spaniel,http://cdn3-www.dogtime.com/assets/uploads/2011/01/file_23242_boykin-spaniel-460x290.jpg
Bracco Italiano,http://cdn3-www.dogtime.com/assets/uploads/2011/01/file_23268_bracco-italiano-460x290.jpg
Briard,http://cdn1-www.dogtime.com/assets/uploads/2011/01/file_23182_briard-460x290.jpg
Brittany,http://cdn2-www.dogtime.com/assets/uploads/2011/01/file_22956_brittany-460x290.jpg
Brussels Griffon,http://cdn2-www.dogtime.com/assets/uploads/2011/01/file_23098_brussels-griffon-460x290.jpg
Bull Terrier,http://cdn3-www.dogtime.com/assets/uploads/2011/01/file_23060_bull-terrier-460x290.jpg
Bulldog,http://cdn3-www.dogtime.com/assets/uploads/2011/01/file_23140_bulldog-460x290.jpg
Bullmastiff,http://cdn3-www.dogtime.com/assets/uploads/2011/01/file_22918_bullmastiff-460x290.jpg
Cairn Terrier,http://cdn2-www.dogtime.com/assets/uploads/2011/01/file_23062_cairn-terrier-460x290.jpg
Canaan Dog,http://cdn1-www.dogtime.com/assets/uploads/2011/01/file_23184_canaan-dog-460x290.jpg
Cane Corso,http://cdn1-www.dogtime.com/assets/uploads/2014/08/file_23300_cane-corso-dog-breed-460x290.jpg
Cardigan Welsh Corgi,http://cdn1-www.dogtime.com/assets/uploads/2011/11/file_23294_cardigan-welsh-corgi-460x290.jpg
Catahoula Leopard Dog,http://cdn3-www.dogtime.com/assets/uploads/2011/01/file_23278_catahoula-leopard-dog-460x290.jpg
Cavalier King Charles Spaniel,http://cdn3-www.dogtime.com/assets/uploads/2011/01/file_23100_cavalier-king-charles-spaniel-460x290.jpg
Cesky Terrier,http://cdn3-www.dogtime.com/assets/uploads/2011/01/file_23270_cesky-terrier-dog-breed-460x290.jpg
Chesapeake Bay Retriever,http://cdn3-www.dogtime.com/assets/uploads/2011/01/file_22958_chesapeake-bay-retriever-460x290.jpg
Chihuahua,http://cdn1-www.dogtime.com/assets/uploads/2011/01/file_23102_chihuahua-460x290.jpg
Chinese Crested,http://cdn1-www.dogtime.com/assets/uploads/2011/01/file_23104_17524831.jpg
Chinese Shar-Pei,http://cdn1-www.dogtime.com/assets/uploads/2011/01/file_23142_chinese-shar-pei-460x290.jpg
Chinook,http://cdn2-www.dogtime.com/assets/uploads/2011/01/file_23232_chinook-460x290.jpg
Chow Chow,http://cdn3-www.dogtime.com/assets/uploads/2011/01/file_23144_chow-chow-460x290.jpg
Clumber Spaniel,http://cdn2-www.dogtime.com/assets/uploads/2011/01/file_22960_clumber-spaniel-460x290.jpg
Cockapoo,http://cdn2-www.dogtime.com/assets/uploads/2011/01/file_23218_cockapoo-dog-breed.jpg
Cocker Spaniel,http://cdn3-www.dogtime.com/assets/uploads/2011/01/file_22962_cocker-spaniel-460x290.jpg
Collie,http://cdn3-www.dogtime.com/assets/uploads/2011/01/file_23186_collie-460x290.jpg
Coton de Tulear,http://cdn1-www.dogtime.com/assets/uploads/2011/01/file_23230_coton-de-tulear-460x290.jpg
Curly-Coated Retriever,http://cdn2-www.dogtime.com/assets/uploads/2011/01/file_22964_curly-coated-retriever-460x290.jpg
Dachshund,http://cdn1-www.dogtime.com/assets/uploads/2011/01/file_23020_dachshund-dog-breed-460x290.jpg
Dalmatian,http://cdn1-www.dogtime.com/assets/uploads/2011/01/file_23146_dalmatian-460x290.jpg
Dandie Dinmont Terrier,http://cdn3-www.dogtime.com/assets/uploads/2011/01/file_23064_dandie-dinmont-terrier-460x290.jpg
Doberman Pinscher,http://cdn3-www.dogtime.com/assets/uploads/2011/01/file_22920_doberman-pinscher-460x290.jpg
Dogue de Bordeaux,http://cdn1-www.dogtime.com/assets/uploads/2011/01/file_23252_dogue-de-bordeaux-dog-breed-460x290.jpg
English Cocker Spaniel,http://cdn1-www.dogtime.com/assets/uploads/2011/01/file_22966_english-cocker-spaniel-460x290.jpg
English Foxhound,http://cdn2-www.dogtime.com/assets/uploads/2011/01/file_23022_english-foxhound-460x290.jpg
English Setter,http://cdn3-www.dogtime.com/assets/uploads/2011/01/file_22968_english-setter-460x290.jpg
English Springer Spaniel,http://cdn2-www.dogtime.com/assets/uploads/2011/01/file_22970_english-springer-spaniel-460x290.jpg
English Toy Spaniel,http://cdn2-www.dogtime.com/assets/uploads/2011/01/file_23106_english-toy-spaniel-460x290.jpg
Entlebucher Mountain Dog,http://cdn1-www.dogtime.com/assets/uploads/2011/01/file_23262_entlebucher-mountain-dog-460x290.jpg
Field Spaniel,http://cdn1-www.dogtime.com/assets/uploads/2011/01/file_22972_field-spaniel-460x290.jpg
Finnish Lapphund,http://cdn1-www.dogtime.com/assets/uploads/2011/01/file_23258_finnish-lapphund-460x290.jpg
Finnish Spitz,http://cdn1-www.dogtime.com/assets/uploads/2011/01/file_23148_finnish-spitz-460x290.jpg
Flat-Coated Retriever,http://cdn2-www.dogtime.com/assets/uploads/2011/01/file_22974_flat-coated-retriever-460x290.jpg
Fox Terrier,http://cdn1-www.dogtime.com/assets/uploads/2011/01/file_23094_fox-terrier-460x290.jpg
French Bulldog,http://cdn1-www.dogtime.com/assets/uploads/2011/01/file_23150_french-bulldog-460x290.jpg
German Pinscher,http://cdn2-www.dogtime.com/assets/uploads/2011/01/file_22922_german-pinscher-460x290.jpg
German Shepherd Dog,http://cdn2-www.dogtime.com/assets/uploads/2011/01/file_23188_german-shepherd-dog-460x290.jpg
German Shorthaired Pointer,http://cdn2-www.dogtime.com/assets/uploads/2011/01/file_22976_german-shorthaired-pointer-460x290.jpg
German Wirehaired Pointer,http://cdn2-www.dogtime.com/assets/uploads/2011/01/file_22978_german-wirehaired-pointer-460x290.jpg
Giant Schnauzer,http://cdn1-www.dogtime.com/assets/uploads/2011/01/file_22924_giant-schnauzer-460x290.jpg
Glen of Imaal Terrier,http://cdn1-www.dogtime.com/assets/uploads/2011/01/file_23066_glen-of-imaal-terrier-460x290.jpg
Goldador,http://cdn1-www.dogtime.com/assets/uploads/2011/01/file_23214_goldador-460x290.jpg
Golden Retriever,http://cdn1-www.dogtime.com/assets/uploads/2011/01/file_22980_golden-retriever-460x290.jpg
Goldendoodle,http://cdn2-www.dogtime.com/assets/uploads/2011/01/file_23204_goldendoodle-460x290.jpg
Gordon Setter,http://cdn2-www.dogtime.com/assets/uploads/2011/01/file_22982_gordon-setter-460x290.jpg
Great Dane,http://cdn1-www.dogtime.com/assets/uploads/2011/01/file_22926_great-dane-460x290.jpg
Great Pyrenees,http://cdn3-www.dogtime.com/assets/uploads/2011/01/file_23202_great-pyrenees-460x290.jpg
Greater Swiss Mountain Dog,http://cdn1-www.dogtime.com/assets/uploads/2011/01/file_22928_greater-swiss-mountain-dog-460x290.jpg
Greyhound,http://cdn3-www.dogtime.com/assets/uploads/2011/01/file_23024_greyhound-460x290.jpg
Harrier,http://cdn2-www.dogtime.com/assets/uploads/2011/01/file_23026_harrier-460x290.jpg
Havanese,http://cdn1-www.dogtime.com/assets/uploads/2011/01/file_23108_havanese-460x290.jpg
Ibizan Hound,http://cdn3-www.dogtime.com/assets/uploads/2011/01/file_23028_ibizan-hound-460x290.jpg
Icelandic Sheepdog,http://cdn2-www.dogtime.com/assets/uploads/2011/01/file_23274_icelandic-sheepdog-460x290.jpg
Irish Red and White Setter,http://cdn1-www.dogtime.com/assets/uploads/2011/01/file_23254_irish-red-and-white-setter-460x290.jpg
Irish Setter,http://cdn1-www.dogtime.com/assets/uploads/2011/01/file_22984_irish-setter-460x290.jpg
Irish Terrier,http://cdn2-www.dogtime.com/assets/uploads/2011/01/file_23068_irish-terrier-460x290.jpg
Irish Water Spaniel,http://cdn2-www.dogtime.com/assets/uploads/2011/01/file_22986_irish-water-spaniel-460x290.jpg
Irish Wolfhound,http://cdn3-www.dogtime.com/assets/uploads/2011/01/file_23030_irish-wolfhound-460x290.jpg
Italian Greyhound,http://cdn3-www.dogtime.com/assets/uploads/2011/01/file_23110_italian-greyhound-460x290.jpg
Jack Russell Terrier,http://cdn2-www.dogtime.com/assets/uploads/2011/01/file_23080_jack-russell-terrier-460x290.jpg
Japanese Chin,http://cdn2-www.dogtime.com/assets/uploads/2011/01/file_23112_japanese-chin-460x290.jpg
Korean Jindo Dog,http://cdn1-www.dogtime.com/assets/uploads/2015/08/jindo-460x271.png
Keeshond,http://cdn2-www.dogtime.com/assets/uploads/2011/01/file_23152_keeshond-460x290.jpg
Kerry Blue Terrier,http://cdn1-www.dogtime.com/assets/uploads/2011/01/file_23070_kerry-blue-terrier-460x290.jpg
Komondor,http://cdn1-www.dogtime.com/assets/uploads/2011/01/file_22930_komondor-460x290.jpg
Kooikerhondje,http://cdn2-www.dogtime.com/assets/uploads/2011/01/file_23266_kooikerhondje-460x290.jpg
Kuvasz,http://cdn1-www.dogtime.com/assets/uploads/2011/01/file_22932_kuvasz-460x290.jpg
Labradoodle,http://cdn3-www.dogtime.com/assets/uploads/2011/01/file_23220_what-is-a-labradoodle.jpg
Labrador Retriever,http://cdn1-www.dogtime.com/assets/uploads/2011/01/file_22988_labrador-retriever-460x290.jpg
Lakeland Terrier,http://cdn3-www.dogtime.com/assets/uploads/2011/01/file_23072_lakeland-terrier-460x290.jpg
Lancashire Heeler,http://cdn1-www.dogtime.com/assets/uploads/2011/01/file_23282_lancashire-heeler-460x290.jpg
Leonberger,http://cdn2-www.dogtime.com/assets/uploads/2011/01/file_23272_leonberger-dog-breed.jpg
Lhasa Apso,http://cdn2-www.dogtime.com/assets/uploads/2011/01/file_23154_lhasa-apso-460x290.jpg
Lowchen,http://cdn1-www.dogtime.com/assets/uploads/2011/01/file_23156_lowchen-460x290.jpg
Maltese,http://cdn1-www.dogtime.com/assets/uploads/2011/01/file_23114_maltese-460x290.jpg
Maltese Shih Tzu,http://cdn2-www.dogtime.com/assets/uploads/2011/01/file_23216_maltese-shih-tzu-460x290.jpg
Maltipoo,http://cdn2-www.dogtime.com/assets/uploads/2011/01/file_23210_maltipoo-460x290.jpg
Manchester Terrier,http://cdn3-www.dogtime.com/assets/uploads/2011/01/file_23224_manchester-terrier-460x290.jpg
Mastiff,http://cdn2-www.dogtime.com/assets/uploads/2011/01/file_22934_mastiff-460x290.jpg
Miniature Pinscher,http://cdn3-www.dogtime.com/assets/uploads/2011/01/file_23116_miniature-pinscher-460x290.jpg
Miniature Schnauzer,http://cdn1-www.dogtime.com/assets/uploads/2011/01/file_23074_miniature-schnauzer-460x290.jpg
Mutt,http://cdn1-www.dogtime.com/assets/uploads/2011/01/file_23228_mutt-460x290.jpg
Neapolitan Mastiff,http://cdn3-www.dogtime.com/assets/uploads/2011/01/file_22936_neapolitan-mastiff-460x290.jpg
Newfoundland,http://cdn3-www.dogtime.com/assets/uploads/2011/01/file_22938_newfoundland-460x290.jpg
Norfolk Terrier,http://cdn1-www.dogtime.com/assets/uploads/2011/01/file_23076_norfolk-terrier-460x290.jpg
Norwegian Buhund,http://cdn1-www.dogtime.com/assets/uploads/2011/01/file_23284_norwegian-buhund-460x290.jpg
Norwegian Elkhound,http://cdn3-www.dogtime.com/assets/uploads/2011/01/file_23032_norwegian-elkhound-460x290.jpg
Norwegian Lundehund,http://cdn3-www.dogtime.com/assets/uploads/2011/01/file_23276_norwegian-lundehund-460x290.jpg
Norwich Terrier,http://cdn1-www.dogtime.com/assets/uploads/2011/01/file_23078_norwich-terrier-460x290.jpg
Nova Scotia Duck Tolling Retriever,http://cdn3-www.dogtime.com/assets/uploads/2011/01/file_22990_nova-scotia-duck-tolling-retriever-460x290.jpg
Old English Sheepdog,http://cdn3-www.dogtime.com/assets/uploads/2011/01/file_23190_old-english-sheepdog-460x290.jpg
Otterhound,http://cdn2-www.dogtime.com/assets/uploads/2011/01/file_23034_otterhound-460x290.jpg
Papillon,http://cdn1-www.dogtime.com/assets/uploads/2011/01/file_23118_papillon-460x290.jpg
Peekapoo,http://cdn1-www.dogtime.com/assets/uploads/2011/01/file_23222_peekapoo-460x290.jpg
Pekingese,http://cdn2-www.dogtime.com/assets/uploads/2011/01/file_23120_pekingese-460x290.jpg
Pembroke Welsh Corgi,http://cdn2-www.dogtime.com/assets/uploads/2011/01/file_23192_pembroke-welsh-corgi-460x290.jpg
Petit Basset Griffon Vendeen,http://cdn2-www.dogtime.com/assets/uploads/2011/01/file_23036_petit-basset-griffon-vendeen-460x290.jpg
Pharaoh Hound,http://cdn3-www.dogtime.com/assets/uploads/2011/01/file_23038_pharaoh-hound-460x290.jpg
Plott,http://cdn1-www.dogtime.com/assets/uploads/2011/01/file_23040_plott-460x290.jpg
Pocket Beagle,http://cdn2-www.dogtime.com/assets/uploads/2011/01/file_23234_pocket-beagle-460x290.jpg
Pointer,http://cdn1-www.dogtime.com/assets/uploads/2011/01/file_22992_pointer-460x290.jpg
Polish Lowland Sheepdog,http://cdn2-www.dogtime.com/assets/uploads/2011/01/file_23194_polish-lowland-sheepdog-460x290.jpg
Pomeranian,http://cdn2-www.dogtime.com/assets/uploads/2011/01/file_23122_pomeranian-460x290.jpg
Pomsky,http://cdn2-www.dogtime.com/assets/uploads/2017/10/pomsky-dog-breed-pictures-header-460x260.jpg
Poodle,http://cdn3-www.dogtime.com/assets/uploads/2011/01/file_23200_poodle-460x290.jpg
Portuguese Water Dog,http://cdn1-www.dogtime.com/assets/uploads/2011/01/file_22940_portuguese-water-dog-460x290.jpg
Pug,http://cdn3-www.dogtime.com/assets/uploads/2011/01/file_23124_pug-460x290.jpg
Puggle,http://cdn3-www.dogtime.com/assets/uploads/2011/01/file_23212_puggle-460x290.jpg
Puli,http://cdn2-www.dogtime.com/assets/uploads/2011/01/file_23196_puli-460x290.jpg
Pyrenean Shepherd,http://cdn1-www.dogtime.com/assets/uploads/2011/01/file_23246_pyrenean-shepherd-460x290.jpg
Rat Terrier,http://cdn2-www.dogtime.com/assets/uploads/2011/01/file_23226_rat-terrier-dog-breed.jpg
Redbone Coonhound,http://cdn3-www.dogtime.com/assets/uploads/2011/01/file_23248_redbone-coonhound-460x290.jpg
Rhodesian Ridgeback,http://cdn2-www.dogtime.com/assets/uploads/2011/01/file_23042_rhodesian-ridgeback-460x290.jpg
Rottweiler,http://cdn2-www.dogtime.com/assets/uploads/2011/01/file_22942_rottweiler-460x290.jpg
Saint Bernard,http://cdn2-www.dogtime.com/assets/uploads/2011/01/file_22944_saint-bernard-460x290.jpg
Saluki,http://cdn3-www.dogtime.com/assets/uploads/2011/01/file_23044_saluki-460x290.jpg
Samoyed,http://cdn3-www.dogtime.com/assets/uploads/2011/01/file_22946_Samoyed-dog-breed.jpg
Schipperke,http://cdn1-www.dogtime.com/assets/uploads/2011/01/file_23158_schipperke-460x290.jpg
Schnoodle,http://cdn2-www.dogtime.com/assets/uploads/2011/01/file_23206_schnoodle-460x290.jpg
Scottish Deerhound,http://cdn1-www.dogtime.com/assets/uploads/2011/01/file_23046_scottish-deerhound-460x290.jpg
Scottish Terrier,http://cdn2-www.dogtime.com/assets/uploads/2011/01/file_23082_scottish-terrier-460x290.jpg
Sealyham Terrier,http://cdn1-www.dogtime.com/assets/uploads/2011/01/file_23084_sealyham-terrier-460x290.jpg
Shetland Sheepdog,http://cdn2-www.dogtime.com/assets/uploads/2011/01/file_23198_shetland-sheepdog-460x290.jpg
Shiba Inu,http://cdn2-www.dogtime.com/assets/uploads/2011/01/file_23160_shiba-inu-460x290.jpg
Shih Tzu,http://cdn2-www.dogtime.com/assets/uploads/2011/01/file_23126_shih-tzu-460x290.jpg
Siberian Husky,http://cdn1-www.dogtime.com/assets/uploads/2011/01/file_22948_siberian-husky-460x290.jpg
Silky Terrier,http://cdn1-www.dogtime.com/assets/uploads/2011/01/file_23128_silky-terrier-460x290.jpg
Skye Terrier,http://cdn2-www.dogtime.com/assets/uploads/2011/01/file_23086_skye-terrier-460x290.jpg
Sloughi,http://cdn1-www.dogtime.com/assets/uploads/2011/01/file_23260_sloughi-dog-breed-picture-460x290.jpg
Small Munsterlander Pointer,http://cdn2-www.dogtime.com/assets/uploads/2011/01/file_23256_small-munsterlander-pointer-460x290.jpg
Soft Coated Wheaten Terrier,http://cdn2-www.dogtime.com/assets/uploads/2011/01/file_23088_soft-coated-wheaten-terrier-460x290.jpg
Stabyhoun,http://cdn2-www.dogtime.com/assets/uploads/2011/01/file_23264_Stabyhoun-dog-breed.jpg
Staffordshire Bull Terrier,http://cdn3-www.dogtime.com/assets/uploads/2011/01/file_23292_staffordshire-bull-terrier-460x290.jpg
Standard Schnauzer,http://cdn2-www.dogtime.com/assets/uploads/2011/01/file_22950_standard-schnauzer-460x290.jpg
Sussex Spaniel,http://cdn3-www.dogtime.com/assets/uploads/2011/01/file_22994_sussex-spaniel-460x290.jpg
Swedish Vallhund,http://cdn1-www.dogtime.com/assets/uploads/2014/06/file_23298_Swedish-Vallhund-dog-breed.jpg
Tibetan Mastiff,http://cdn1-www.dogtime.com/assets/uploads/2011/01/file_22952_tibetan-mastiff-460x290.jpg
Tibetan Spaniel,http://cdn3-www.dogtime.com/assets/uploads/2011/01/file_23162_tibetan-spaniel-460x290.jpg
Tibetan Terrier,http://cdn2-www.dogtime.com/assets/uploads/2011/01/file_23164_tibetan-terrier-460x290.jpg
Toy Fox Terrier,http://cdn3-www.dogtime.com/assets/uploads/2011/01/file_23130_toy-fox-terrier-460x290.jpg
Treeing Tennessee Brindle,http://cdn1-www.dogtime.com/assets/uploads/2011/01/file_23280_what-is-a-treeing-tennessee-brindle-dog.jpg
Treeing Walker Coonhound,http://cdn1-www.dogtime.com/assets/uploads/2011/01/file_23250_treeing-walker-coonhound-460x290.jpg
Vizsla,http://cdn1-www.dogtime.com/assets/uploads/2011/01/file_22996_vizsla-460x290.jpg
Weimaraner,http://cdn2-www.dogtime.com/assets/uploads/2011/01/file_22998_weimaraner-460x290.jpg
Welsh Springer Spaniel,http://cdn3-www.dogtime.com/assets/uploads/2011/01/file_23000_welsh-springer-spaniel-460x290.jpg
Welsh Terrier,http://cdn2-www.dogtime.com/assets/uploads/2011/01/file_23090_welsh-terrier-460x290.jpg
West Highland White Terrier,http://cdn1-www.dogtime.com/assets/uploads/2011/01/file_23092_west-highland-white-terrier-460x290.jpg
Whippet,http://cdn2-www.dogtime.com/assets/uploads/2011/01/file_23048_whippet-460x290.jpg
Wirehaired Pointing Griffon,http://cdn1-www.dogtime.com/assets/uploads/2011/01/file_23002_wirehaired-pointing-griffon-460x290.jpg
Xoloitzcuintli,http://cdn1-www.dogtime.com/assets/uploads/2012/02/file_23296_Xoloitzcuintli-dog-breed-460x290.jpg
Yorkipoo,http://cdn1-www.dogtime.com/assets/uploads/2011/01/file_23208_yorkipoo-460x290.jpg
Yorkshire Terrier,http://cdn2-www.dogtime.com/assets/uploads/2011/01/file_23132_yorkshire-terrier-460x290.jpg
